{
    "AKT1": {
        "Sign-1": [
            0,
            0,
            0
        ],
        "Sign0": [
            1008,
            100,
            0
        ],
        "Sign1": [
            1008,
            0,
            0
        ],
        "SignMaj": [
            "+",
            "0"
        ],
        "iggy": "notMinus",
        "iggy_score": 0.2439852143565968,
        "logFC": 0.428739987114578,
        "majs_score": 0.06189778909700483
    },
    "CAMK2D": {
        "Sign-1": [
            1008,
            100,
            0
        ],
        "Sign0": [
            1008,
            100,
            0
        ],
        "Sign1": [
            0,
            0,
            0
        ],
        "SignMaj": [
            "0",
            "-"
        ],
        "iggy": "notPlus",
        "iggy_score": 0.1164800023791072,
        "logFC": -0.30847080795687,
        "majs_score": 0.1164800023791072
    },
    "CAMK2G": {
        "Sign-1": [
            1008,
            100,
            0
        ],
        "Sign0": [
            1008,
            100,
            0
        ],
        "Sign1": [
            0,
            0,
            0
        ],
        "SignMaj": [
            "0",
            "-"
        ],
        "iggy": "notPlus",
        "iggy_score": 0.002457947602788202,
        "logFC": -0.163864162243682,
        "majs_score": 0.002457947602788202
    },
    "EGLN2": {
        "Sign-1": [
            0,
            0,
            0
        ],
        "Sign0": [
            0,
            0,
            0
        ],
        "Sign1": [
            2016,
            100,
            0
        ],
        "SignMaj": [
            "+"
        ],
        "iggy": "notMinus",
        "iggy_score": 0.002912641481927304,
        "logFC": -0.161140794160718,
        "majs_score": 4.0026148364776516e-37
    },
    "EIF4E": {
        "Sign-1": [
            0,
            0,
            0
        ],
        "Sign0": [
            2016,
            100,
            0
        ],
        "Sign1": [
            0,
            0,
            0
        ],
        "SignMaj": [
            "0"
        ],
        "iggy": "0",
        "iggy_score": 6.886344191176848e-10,
        "logFC": -0.32628444792052,
        "majs_score": 6.886344191176848e-10
    },
    "EIF4EBP1": {
        "Sign-1": [
            0,
            0,
            0
        ],
        "Sign0": [
            2016,
            100,
            0
        ],
        "Sign1": [
            0,
            0,
            0
        ],
        "SignMaj": [
            "0"
        ],
        "iggy": "0",
        "iggy_score": 1.8507560582801579e-81,
        "logFC": 0.967348618900715,
        "majs_score": 1.8507560582801579e-81
    },
    "ERBB2": {
        "Sign-1": [
            576,
            100,
            0
        ],
        "Sign0": [
            864,
            100,
            0
        ],
        "Sign1": [
            576,
            100,
            0
        ],
        "SignMaj": [
            "0"
        ],
        "iggy": "0",
        "iggy_score": 8.420696546520055e-08,
        "logFC": -0.28672973732718,
        "majs_score": 0.028984600358475165
    },
    "IFNGR1": {
        "Sign-1": [
            588,
            100,
            0
        ],
        "Sign0": [
            672,
            100,
            0
        ],
        "Sign1": [
            756,
            100,
            0
        ],
        "SignMaj": [
            "+"
        ],
        "iggy": "0",
        "iggy_score": 0.0014683691137491763,
        "logFC": -0.181448604490712,
        "majs_score": 0.0005267784584331484
    },
    "IFNGR2": {
        "Sign-1": [
            588,
            100,
            0
        ],
        "Sign0": [
            672,
            100,
            0
        ],
        "Sign1": [
            756,
            100,
            0
        ],
        "SignMaj": [
            "+"
        ],
        "iggy": "0",
        "iggy_score": 0.001326169600085583,
        "logFC": 0.18286008294844,
        "majs_score": 0.00044205984094589817
    },
    "IGF1R": {
        "Sign-1": [
            576,
            100,
            0
        ],
        "Sign0": [
            864,
            100,
            0
        ],
        "Sign1": [
            576,
            100,
            0
        ],
        "SignMaj": [
            "0"
        ],
        "iggy": "0",
        "iggy_score": 4.576055155851303e-18,
        "logFC": 0.448778575690439,
        "majs_score": 0.20738290966201522
    },
    "IL6": {
        "Sign-1": [
            2016,
            100,
            0
        ],
        "Sign0": [
            0,
            0,
            0
        ],
        "Sign1": [
            0,
            0,
            0
        ],
        "SignMaj": [
            "-"
        ],
        "iggy": "notPlus",
        "iggy_score": 1.6060615286518866e-09,
        "logFC": -0.70830398754448,
        "majs_score": 3.2121230573037732e-09
    },
    "INSR": {
        "Sign-1": [
            576,
            100,
            0
        ],
        "Sign0": [
            864,
            100,
            0
        ],
        "Sign1": [
            576,
            100,
            0
        ],
        "SignMaj": [
            "0"
        ],
        "iggy": "0",
        "iggy_score": 7.0459029234756875e-40,
        "logFC": 0.674046933536959,
        "majs_score": 0.0003183035385764845
    },
    "MAP2K1": {
        "Sign-1": [
            0,
            0,
            0
        ],
        "Sign0": [
            2016,
            100,
            0
        ],
        "Sign1": [
            0,
            0,
            0
        ],
        "SignMaj": [
            "0"
        ],
        "iggy": "0",
        "iggy_score": 2.1579438108688076e-120,
        "logFC": 1.17730231860555,
        "majs_score": 2.1579438108688076e-120
    },
    "MAPK3": {
        "Sign-1": [
            0,
            0,
            0
        ],
        "Sign0": [
            2016,
            100,
            0
        ],
        "Sign1": [
            0,
            0,
            0
        ],
        "SignMaj": [
            "0"
        ],
        "iggy": "0",
        "iggy_score": 0.0016585381118015853,
        "logFC": 0.179746435117018,
        "majs_score": 0.0016585381118015853
    },
    "MKNK2": {
        "Sign-1": [
            0,
            0,
            0
        ],
        "Sign0": [
            2016,
            100,
            0
        ],
        "Sign1": [
            0,
            0,
            0
        ],
        "SignMaj": [
            "0"
        ],
        "iggy": "0",
        "iggy_score": 3.810059074802967e-27,
        "logFC": 0.553836197742337,
        "majs_score": 3.810059074802967e-27
    },
    "MTOR": {
        "Sign-1": [
            0,
            0,
            0
        ],
        "Sign0": [
            2016,
            50,
            50
        ],
        "Sign1": [
            0,
            0,
            0
        ],
        "SignMaj": [
            "0"
        ],
        "iggy": "0",
        "iggy_score": 3.223494631968117e-05,
        "logFC": -0.228474100246257,
        "majs_score": 0.1329258496167136
    },
    "NFKB1": {
        "Sign-1": [
            504,
            44,
            16
        ],
        "Sign0": [
            756,
            100,
            0
        ],
        "Sign1": [
            756,
            44,
            16
        ],
        "SignMaj": [
            "+",
            "0"
        ],
        "iggy": "0",
        "iggy_score": 0.0011019444300291905,
        "logFC": -0.185399169119062,
        "majs_score": 0.0377077824847337
    },
    "PIK3CB": {
        "Sign-1": [
            0,
            0,
            0
        ],
        "Sign0": [
            2016,
            100,
            0
        ],
        "Sign1": [
            0,
            0,
            0
        ],
        "SignMaj": [
            "0"
        ],