{
    "AKT1": {
        "Sign-1": [
            0,
            0,
            0
        ],
        "Sign0": [
            1008,
            100,
            0
        ],
        "Sign1": [
            1008,
            0,
            0
        ],
        "SignMaj": [
            "+",
            "0"
        ],
        "iggy": "notMinus",
        "iggy_score": 0.3033300303046448,
        "logFC": 0.428739987114578,
        "majs_score": 0.14351257980323692
    },
    "CAMK2D": {
        "Sign-1": [
            1008,
            100,
            0
        ],
        "Sign0": [
            1008,
            100,
            0
        ],
        "Sign1": [
            0,
            0,
            0
        ],
        "SignMaj": [
            "0",
            "-"
        ],
        "iggy": "notPlus",
        "iggy_score": 0.18123657434568385,
        "logFC": -0.30847080795687,
        "majs_score": 0.18123657434568385
    },
    "CAMK2G": {
        "Sign-1": [
            1008,
            100,
            0
        ],
        "Sign0": [
            1008,
            100,
            0
        ],
        "Sign1": [
            0,
            0,
            0
        ],
        "SignMaj": [
            "0",
            "-"
        ],
        "iggy": "notPlus",
        "iggy_score": 0.012619642219538828,
        "logFC": -0.163864162243682,
        "majs_score": 0.012619642219538828
    },
    "EGLN2": {
        "Sign-1": [
            0,
            0,
            0
        ],
        "Sign0": [
            0,
            0,
            0
        ],
        "Sign1": [
            2016,
            100,
            0
        ],
        "SignMaj": [
            "+"
        ],
        "iggy": "notMinus",
        "iggy_score": 0.013883385813490955,
        "logFC": -0.161140794160718,
        "majs_score": 4.7463781605076215e-26
    },
    "EIF4E": {
        "Sign-1": [
            0,
            0,
            0
        ],
        "Sign0": [
            2016,
            100,
            0
        ],
        "Sign1": [
            0,
            0,
            0
        ],
        "SignMaj": [
            "0"
        ],
        "iggy": "0",
        "iggy_score": 4.1737070247960905e-07,
        "logFC": -0.32628444792052,
        "majs_score": 4.1737070247960905e-07
    },
    "EIF4EBP1": {
        "Sign-1": [
            0,
            0,
            0
        ],
        "Sign0": [
            2016,
            100,
            0
        ],
        "Sign1": [
            0,
            0,
            0
        ],
        "SignMaj": [
            "0"
        ],
        "iggy": "0",
        "iggy_score": 7.346012572119051e-57,
        "logFC": 0.967348618900715,
        "majs_score": 7.346012572119051e-57
    },
    "ERBB2": {
        "Sign-1": [
            576,
            100,
            0
        ],
        "Sign0": [
            864,
            100,
            0
        ],
        "Sign1": [
            576,
            100,
            0
        ],
        "SignMaj": [
            "0"
        ],
        "iggy": "0",
        "iggy_score": 1.1844653755862897e-05,
        "logFC": -0.28672973732718,
        "majs_score": 0.05804484859560947
    },
    "IFNGR1": {
        "Sign-1": [
            588,
            100,
            0
        ],
        "Sign0": [
            672,
            100,
            0
        ],
        "Sign1": [
            756,
            100,
            0
        ],
        "SignMaj": [
            "+"
        ],
        "iggy": "0",
        "iggy_score": 0.010634917823778794,
        "logFC": -0.181448604490712,
        "majs_score": 0.00411205647340885
    },
    "IFNGR2": {
        "Sign-1": [
            588,
            100,
            0
        ],
        "Sign0": [
            672,
            100,
            0
        ],
        "Sign1": [
            756,
            100,
            0
        ],
        "SignMaj": [
            "+"
        ],
        "iggy": "0",
        "iggy_score": 0.009906684926847969,
        "logFC": 0.18286008294844,
        "majs_score": 0.003303151825411909
    },
    "IGF1R": {
        "Sign-1": [
            576,
            100,
            0
        ],
        "Sign0": [
            864,
            100,
            0
        ],
        "Sign1": [
            576,
            100,
            0
        ],
        "SignMaj": [
            "0"
        ],
        "iggy": "0",
        "iggy_score": 8.513079573198906e-13,
        "logFC": 0.448778575690439,
        "majs_score": 0.22855956165366997
    },
    "IL6": {
        "Sign-1": [
            2016,
            100,
            0
        ],
        "Sign0": [
            0,
            0,
            0
        ],
        "Sign1": [
            0,
            0,
            0
        ],
        "SignMaj": [
            "-"
        ],
        "iggy": "notPlus",
        "iggy_score": 6.095633335223848e-07,
        "logFC": -0.70830398754448,
        "majs_score": 1.2191266670447697e-06
    },
    "INSR": {
        "Sign-1": [
            576,
            100,
            0
        ],
        "Sign0": [
            864,
            100,
            0
        ],
        "Sign1": [
            576,
            100,
            0
        ],
        "SignMaj": [
            "0"
        ],
        "iggy": "0",
        "iggy_score": 5.77447674694841e-28,
        "logFC": 0.674046933536959,
        "majs_score": 0.002506980012942778
    },
    "MAP2K1": {
        "Sign-1": [
            0,
            0,
            0
        ],
        "Sign0": [
            2016,
            100,
            0
        ],
        "Sign1": [
            0,
            0,
            0
        ],
        "SignMaj": [
            "0"
        ],
        "iggy": "0",
        "iggy_score": 6.609178223120806e-84,
        "logFC": 1.17730231860555,
        "majs_score": 6.609178223120806e-84
    },
    "MAPK3": {
        "Sign-1": [
            0,
            0,
            0
        ],
        "Sign0": [
            2016,
            100,
            0
        ],
        "Sign1": [
            0,
            0,
            0
        ],
        "SignMaj": [
            "0"
        ],
        "iggy": "0",
        "iggy_score": 0.011576218342244555,
        "logFC": 0.179746435117018,
        "majs_score": 0.011576218342244555
    },
    "MKNK2": {
        "Sign-1": [
            0,
            0,
            0
        ],
        "Sign0": [
            2016,
            100,
            0
        ],
        "Sign1": [
            0,
            0,
            0
        ],
        "SignMaj": [
            "0"
        ],
        "iggy": "0",
        "iggy_score": 4.1179842936594787e-19,
        "logFC": 0.553836197742337,
        "majs_score": 4.1179842936594787e-19
    },
    "MTOR": {
        "Sign-1": [
            0,
            0,
            0
        ],
        "Sign0": [
            2016,
            50,
            50
        ],
        "Sign1": [
            0,
            0,
            0
        ],
        "SignMaj": [
            "0"
        ],
        "iggy": "0",
        "iggy_score": 0.0007444623787162192,
        "logFC": -0.228474100246257,
        "majs_score": 0.09877796175868224
    },
    "NFKB1": {
        "Sign-1": [
            504,
            44,
            16
        ],
        "Sign0": [
            756,
            100,
            0
        ],
        "Sign1": [
            756,
            44,
            16
        ],
        "SignMaj": [
            "+",
            "0"
        ],
        "iggy": "0",
        "iggy_score": 0.008707855304892395,
        "logFC": -0.185399169119062,
        "majs_score": 0.03808496078253417
    },
    "PIK3CB": {
        "Sign-1": [
            0,
            0,
            0
        ],
        "Sign0": [
            2016,
            100,
            0
        ],
        "Sign1": [
            0,
            0,
            0
        ],
        "SignMaj": [
            "0"
        ],
        "iggy": "0",