{
    "AKT1": {
        "Sign-1": [
            0,
            0,
            0
        ],
        "Sign0": [
            1008,
            100,
            0
        ],
        "Sign1": [
            1008,
            0,
            0
        ],
        "SignMaj": [
            "+",
            "0"
        ],
        "iggy": "notMinus",
        "iggy_score": 0.3104052970525344,
        "logFC": 0.428739987114578,
        "majs_score": 0.05741011570833994
    },
    "CAMK2D": {
        "Sign-1": [
            1008,
            100,
            0
        ],
        "Sign0": [
            1008,
            100,
            0
        ],
        "Sign1": [
            0,
            0,
            0
        ],
        "SignMaj": [
            "0",
            "-"
        ],
        "iggy": "notPlus",
        "iggy_score": 0.22969107717589404,
        "logFC": -0.30847080795687,
        "majs_score": 0.22969107717589404
    },
    "CAMK2G": {
        "Sign-1": [
            1008,
            100,
            0
        ],
        "Sign0": [
            1008,
            100,
            0
        ],
        "Sign1": [
            0,
            0,
            0
        ],
        "SignMaj": [
            "0",
            "-"
        ],
        "iggy": "notPlus",
        "iggy_score": 0.021196088834625624,
        "logFC": -0.163864162243682,
        "majs_score": 0.021196088834625624
    },
    "EGLN2": {
        "Sign-1": [
            0,
            0,
            0
        ],
        "Sign0": [
            0,
            0,
            0
        ],
        "Sign1": [
            2016,
            100,
            0
        ],
        "SignMaj": [
            "+"
        ],
        "iggy": "notMinus",
        "iggy_score": 0.023530500300372112,
        "logFC": -0.161140794160718,
        "majs_score": 2.4956246886490395e-32
    },
    "EIF4E": {
        "Sign-1": [
            0,
            0,
            0
        ],
        "Sign0": [
            2016,
            100,
            0
        ],
        "Sign1": [
            0,
            0,
            0
        ],
        "SignMaj": [
            "0"
        ],
        "iggy": "0",
        "iggy_score": 1.218672444621605e-07,
        "logFC": -0.32628444792052,
        "majs_score": 1.218672444621605e-07
    },
    "EIF4EBP1": {
        "Sign-1": [
            0,
            0,
            0
        ],
        "Sign0": [
            2016,
            100,
            0
        ],
        "Sign1": [
            0,
            0,
            0
        ],
        "SignMaj": [
            "0"
        ],
        "iggy": "0",
        "iggy_score": 3.23962114863299e-74,
        "logFC": 0.967348618900715,
        "majs_score": 3.23962114863299e-74
    },
    "ERBB2": {
        "Sign-1": [
            576,
            100,
            0
        ],
        "Sign0": [
            864,
            100,
            0
        ],
        "Sign1": [
            576,
            100,
            0
        ],
        "SignMaj": [
            "0"
        ],
        "iggy": "0",
        "iggy_score": 7.166624594174463e-06,
        "logFC": -0.28672973732718,
        "majs_score": 0.08512990039950764
    },
    "IFNGR1": {
        "Sign-1": [
            588,
            100,
            0
        ],
        "Sign0": [
            672,
            100,
            0
        ],
        "Sign1": [
            756,
            100,
            0
        ],
        "SignMaj": [
            "+"
        ],
        "iggy": "0",
        "iggy_score": 0.01740991172241686,
        "logFC": -0.181448604490712,
        "majs_score": 0.00660042956728656
    },
    "IFNGR2": {
        "Sign-1": [
            588,
            100,
            0
        ],
        "Sign0": [
            672,
            100,
            0
        ],
        "Sign1": [
            756,
            100,
            0
        ],
        "SignMaj": [
            "+"
        ],
        "iggy": "0",
        "iggy_score": 0.016148353178825074,
        "logFC": 0.18286008294844,
        "majs_score": 0.005383186272229186
    },
    "IGF1R": {
        "Sign-1": [
            576,
            100,
            0
        ],
        "Sign0": [
            864,
            100,
            0
        ],
        "Sign1": [
            576,
            100,
            0
        ],
        "SignMaj": [
            "0"
        ],
        "iggy": "0",
        "iggy_score": 7.623161517327979e-15,
        "logFC": 0.448778575690439,
        "majs_score": 0.19736993050174798
    },
    "IL6": {
        "Sign-1": [
            2016,
            100,
            0
        ],
        "Sign0": [
            0,
            0,
            0
        ],
        "Sign1": [
            0,
            0,
            0
        ],
        "SignMaj": [
            "-"
        ],
        "iggy": "notPlus",
        "iggy_score": 2.2717698572479246e-07,
        "logFC": -0.70830398754448,
        "majs_score": 4.543539714495849e-07
    },
    "INSR": {
        "Sign-1": [
            576,
            100,
            0
        ],
        "Sign0": [
            864,
            100,
            0
        ],
        "Sign1": [
            576,
            100,
            0
        ],
        "SignMaj": [
            "0"
        ],
        "iggy": "0",
        "iggy_score": 6.758095430768144e-35,
        "logFC": 0.674046933536959,
        "majs_score": 0.004054659689018101
    },
    "MAP2K1": {
        "Sign-1": [
            0,
            0,
            0
        ],
        "Sign0": [
            2016,
            100,
            0
        ],
        "Sign1": [
            0,
            0,
            0
        ],
        "SignMaj": [
            "0"
        ],
        "iggy": "0",
        "iggy_score": 1.5383610055287903e-111,
        "logFC": 1.17730231860555,
        "majs_score": 1.5383610055287903e-111
    },
    "MAPK3": {
        "Sign-1": [
            0,
            0,
            0
        ],
        "Sign0": [
            2016,
            100,
            0
        ],
        "Sign1": [
            0,
            0,
            0
        ],
        "SignMaj": [
            "0"
        ],
        "iggy": "0",
        "iggy_score": 0.019042938554035924,
        "logFC": 0.179746435117018,
        "majs_score": 0.019042938554035924
    },
    "MKNK2": {
        "Sign-1": [
            0,
            0,
            0
        ],
        "Sign0": [
            2016,
            100,
            0
        ],
        "Sign1": [
            0,
            0,
            0
        ],
        "SignMaj": [
            "0"
        ],
        "iggy": "0",
        "iggy_score": 4.239886535504798e-23,
        "logFC": 0.553836197742337,
        "majs_score": 4.239886535504798e-23
    },
    "MTOR": {
        "Sign-1": [
            0,
            0,
            0
        ],
        "Sign0": [
            2016,
            50,
            50
        ],
        "Sign1": [
            0,
            0,
            0
        ],
        "SignMaj": [
            "0"
        ],
        "iggy": "0",
        "iggy_score": 0.0009256032012147087,
        "logFC": -0.228474100246257,
        "majs_score": 0.1488691177361814
    },
    "NFKB1": {
        "Sign-1": [
            504,
            44,
            16
        ],
        "Sign0": [
            756,
            100,
            0
        ],
        "Sign1": [
            756,
            44,
            16
        ],
        "SignMaj": [
            "+",
            "0"
        ],
        "iggy": "0",
        "iggy_score": 0.014076444525006794,
        "logFC": -0.185399169119062,
        "majs_score": 0.04917709891217387
    },
    "PIK3CB": {
        "Sign-1": [
            0,
            0,
            0
        ],
        "Sign0": [
            2016,
            100,
            0
        ],
        "Sign1": [
            0,
            0,
            0
        ],
        "SignMaj": [
            "0"
        ],
        "iggy": "0",