{
    "AKT1": {
        "Sign-1": [
            0,
            0,
            0
        ],
        "Sign0": [
            1008,
            100,
            0
        ],
        "Sign1": [
            1008,
            0,
            0
        ],
        "SignMaj": [
            "+",
            "0"
        ],
        "iggy": "notMinus",
        "iggy_score": 0.2889226695474065,
        "logFC": 0.428739987114578,
        "majs_score": 0.054303712925901505
    },
    "CAMK2D": {
        "Sign-1": [
            1008,
            100,
            0
        ],
        "Sign0": [
            1008,
            100,
            0
        ],
        "Sign1": [
            0,
            0,
            0
        ],
        "SignMaj": [
            "0",
            "-"
        ],
        "iggy": "notPlus",
        "iggy_score": 0.18693607158932246,
        "logFC": -0.30847080795687,
        "majs_score": 0.18693607158932246
    },
    "CAMK2G": {
        "Sign-1": [
            1008,
            100,
            0
        ],
        "Sign0": [
            1008,
            100,
            0
        ],
        "Sign1": [
            0,
            0,
            0
        ],
        "SignMaj": [
            "0",
            "-"
        ],
        "iggy": "notPlus",
        "iggy_score": 0.0117868930355693,
        "logFC": -0.163864162243682,
        "majs_score": 0.0117868930355693
    },
    "EGLN2": {
        "Sign-1": [
            0,
            0,
            0
        ],
        "Sign0": [
            0,
            0,
            0
        ],
        "Sign1": [
            2016,
            100,
            0
        ],
        "SignMaj": [
            "+"
        ],
        "iggy": "notMinus",
        "iggy_score": 0.013313628268943771,
        "logFC": -0.161140794160718,
        "majs_score": 1.634414730910831e-33
    },
    "EIF4E": {
        "Sign-1": [
            0,
            0,
            0
        ],
        "Sign0": [
            2016,
            100,
            0
        ],
        "Sign1": [
            0,
            0,
            0
        ],
        "SignMaj": [
            "0"
        ],
        "iggy": "0",
        "iggy_score": 3.315564060787437e-08,
        "logFC": -0.32628444792052,
        "majs_score": 3.315564060787437e-08
    },
    "EIF4EBP1": {
        "Sign-1": [
            0,
            0,
            0
        ],
        "Sign0": [
            2016,
            100,
            0
        ],
        "Sign1": [
            0,
            0,
            0
        ],
        "SignMaj": [
            "0"
        ],
        "iggy": "0",
        "iggy_score": 5.249738952586107e-76,
        "logFC": 0.967348618900715,
        "majs_score": 5.249738952586107e-76
    },
    "ERBB2": {
        "Sign-1": [
            576,
            100,
            0
        ],
        "Sign0": [
            864,
            100,
            0
        ],
        "Sign1": [
            576,
            100,
            0
        ],
        "SignMaj": [
            "0"
        ],
        "iggy": "0",
        "iggy_score": 2.320680169782425e-06,
        "logFC": -0.28672973732718,
        "majs_score": 0.062062230855706314
    },
    "IFNGR1": {
        "Sign-1": [
            588,
            100,
            0
        ],
        "Sign0": [
            672,
            100,
            0
        ],
        "Sign1": [
            756,
            100,
            0
        ],
        "SignMaj": [
            "+"
        ],
        "iggy": "0",
        "iggy_score": 0.008986746803332233,
        "logFC": -0.181448604490712,
        "majs_score": 0.0033535093604539273
    },
    "IFNGR2": {
        "Sign-1": [
            588,
            100,
            0
        ],
        "Sign0": [
            672,
            100,
            0
        ],
        "Sign1": [
            756,
            100,
            0
        ],
        "SignMaj": [
            "+"
        ],
        "iggy": "0",
        "iggy_score": 0.00828291001414796,
        "logFC": 0.18286008294844,
        "majs_score": 0.002761089586607153
    },
    "IGF1R": {
        "Sign-1": [
            576,
            100,
            0
        ],
        "Sign0": [
            864,
            100,
            0
        ],
        "Sign1": [
            576,
            100,
            0
        ],
        "SignMaj": [
            "0"
        ],
        "iggy": "0",
        "iggy_score": 1.2097966760095235e-15,
        "logFC": 0.448778575690439,
        "majs_score": 0.20298570130665597
    },
    "IL6": {
        "Sign-1": [
            2016,
            100,
            0
        ],
        "Sign0": [
            0,
            0,
            0
        ],
        "Sign1": [
            0,
            0,
            0
        ],
        "SignMaj": [
            "-"
        ],
        "iggy": "notPlus",
        "iggy_score": 6.519622808199787e-08,
        "logFC": -0.70830398754448,
        "majs_score": 1.3039245616399575e-07
    },
    "INSR": {
        "Sign-1": [
            576,
            100,
            0
        ],
        "Sign0": [
            864,
            100,
            0
        ],
        "Sign1": [
            576,
            100,
            0
        ],
        "SignMaj": [
            "0"
        ],
        "iggy": "0",
        "iggy_score": 3.980491848671993e-36,
        "logFC": 0.674046933536959,
        "majs_score": 0.0020575714155244497
    },
    "MAP2K1": {
        "Sign-1": [
            0,
            0,
            0
        ],
        "Sign0": [
            2016,
            100,
            0
        ],
        "Sign1": [
            0,
            0,
            0
        ],
        "SignMaj": [
            "0"
        ],
        "iggy": "0",
        "iggy_score": 9.896966938594593e-114,
        "logFC": 1.17730231860555,
        "majs_score": 9.896966938594593e-114
    },
    "MAPK3": {
        "Sign-1": [
            0,
            0,
            0
        ],
        "Sign0": [
            2016,
            100,
            0
        ],
        "Sign1": [
            0,
            0,
            0
        ],
        "SignMaj": [
            "0"
        ],
        "iggy": "0",
        "iggy_score": 0.009905138636948184,
        "logFC": 0.179746435117018,
        "majs_score": 0.009905138636948184
    },
    "MKNK2": {
        "Sign-1": [
            0,
            0,
            0
        ],
        "Sign0": [
            2016,
            100,
            0
        ],
        "Sign1": [
            0,
            0,
            0
        ],
        "SignMaj": [
            "0"
        ],
        "iggy": "0",
        "iggy_score": 4.238155179498436e-24,
        "logFC": 0.553836197742337,
        "majs_score": 4.238155179498436e-24
    },
    "MTOR": {
        "Sign-1": [
            0,
            0,
            0
        ],
        "Sign0": [
            2016,
            50,
            50
        ],
        "Sign1": [
            0,
            0,
            0
        ],
        "SignMaj": [
            "0"
        ],
        "iggy": "0",
        "iggy_score": 0.00038756312823420223,
        "logFC": -0.228474100246257,
        "majs_score": 0.14082787867251326
    },
    "NFKB1": {
        "Sign-1": [
            504,
            44,
            16
        ],
        "Sign0": [
            756,
            100,
            0
        ],
        "Sign1": [
            756,
            44,
            16
        ],
        "SignMaj": [
            "+",
            "0"
        ],
        "iggy": "0",
        "iggy_score": 0.0071384447109327075,
        "logFC": -0.185399169119062,
        "majs_score": 0.044101935055924815
    },
    "PIK3CB": {
        "Sign-1": [
            0,
            0,
            0
        ],
        "Sign0": [
            2016,
            100,
            0
        ],
        "Sign1": [
            0,
            0,
            0
        ],
        "SignMaj": [
            "0"
        ],