{
    "AKT1": {
        "Sign-1": [
            0,
            0,
            0
        ],
        "Sign0": [
            1008,
            100,
            0
        ],
        "Sign1": [
            1008,
            0,
            0
        ],
        "SignMaj": [
            "+",
            "0"
        ],
        "iggy": "notMinus",
        "iggy_score": 0.25242484366053364,
        "logFC": 0.428739987114578,
        "majs_score": 0.05046375255227157
    },
    "CAMK2D": {
        "Sign-1": [
            1008,
            100,
            0
        ],
        "Sign0": [
            1008,
            100,
            0
        ],
        "Sign1": [
            0,
            0,
            0
        ],
        "SignMaj": [
            "0",
            "-"
        ],
        "iggy": "notPlus",
        "iggy_score": 0.12845184779253577,
        "logFC": -0.30847080795687,
        "majs_score": 0.12845184779253577
    },
    "CAMK2G": {
        "Sign-1": [
            1008,
            100,
            0
        ],
        "Sign0": [
            1008,
            100,
            0
        ],
        "Sign1": [
            0,
            0,
            0
        ],
        "SignMaj": [
            "0",
            "-"
        ],
        "iggy": "notPlus",
        "iggy_score": 0.0036293305404701006,
        "logFC": -0.163864162243682,
        "majs_score": 0.0036293305404701006
    },
    "EGLN2": {
        "Sign-1": [
            0,
            0,
            0
        ],
        "Sign0": [
            0,
            0,
            0
        ],
        "Sign1": [
            2016,
            100,
            0
        ],
        "SignMaj": [
            "+"
        ],
        "iggy": "notMinus",
        "iggy_score": 0.004241468581198674,
        "logFC": -0.161140794160718,
        "majs_score": 6.30759600690314e-36
    },
    "EIF4E": {
        "Sign-1": [
            0,
            0,
            0
        ],
        "Sign0": [
            2016,
            100,
            0
        ],
        "Sign1": [
            0,
            0,
            0
        ],
        "SignMaj": [
            "0"
        ],
        "iggy": "0",
        "iggy_score": 2.2412143924828594e-09,
        "logFC": -0.32628444792052,
        "majs_score": 2.2412143924828594e-09
    },
    "EIF4EBP1": {
        "Sign-1": [
            0,
            0,
            0
        ],
        "Sign0": [
            2016,
            100,
            0
        ],
        "Sign1": [
            0,
            0,
            0
        ],
        "SignMaj": [
            "0"
        ],
        "iggy": "0",
        "iggy_score": 1.2400986849864475e-79,
        "logFC": 0.967348618900715,
        "majs_score": 1.2400986849864475e-79
    },
    "ERBB2": {
        "Sign-1": [
            576,
            100,
            0
        ],
        "Sign0": [
            864,
            100,
            0
        ],
        "Sign1": [
            576,
            100,
            0
        ],
        "SignMaj": [
            "0"
        ],
        "iggy": "0",
        "iggy_score": 2.2437189489272104e-07,
        "logFC": -0.28672973732718,
        "majs_score": 0.034216420835776994
    },
    "IFNGR1": {
        "Sign-1": [
            588,
            100,
            0
        ],
        "Sign0": [
            672,
            100,
            0
        ],
        "Sign1": [
            756,
            100,
            0
        ],
        "SignMaj": [
            "+"
        ],
        "iggy": "0",
        "iggy_score": 0.002340636178213201,
        "logFC": -0.181448604490712,
        "majs_score": 0.0008491058704293248
    },
    "IFNGR2": {
        "Sign-1": [
            588,
            100,
            0
        ],
        "Sign0": [
            672,
            100,
            0
        ],
        "Sign1": [
            756,
            100,
            0
        ],
        "SignMaj": [
            "+"
        ],
        "iggy": "0",
        "iggy_score": 0.0021276408104474614,
        "logFC": 0.18286008294844,
        "majs_score": 0.000709223315009977
    },
    "IGF1R": {
        "Sign-1": [
            576,
            100,
            0
        ],
        "Sign0": [
            864,
            100,
            0
        ],
        "Sign1": [
            576,
            100,
            0
        ],
        "SignMaj": [
            "0"
        ],
        "iggy": "0",
        "iggy_score": 2.7496853206701097e-17,
        "logFC": 0.448778575690439,
        "majs_score": 0.20703703933845025
    },
    "IL6": {
        "Sign-1": [
            2016,
            100,
            0
        ],
        "Sign0": [
            0,
            0,
            0
        ],
        "Sign1": [
            0,
            0,
            0
        ],
        "SignMaj": [
            "-"
        ],
        "iggy": "notPlus",
        "iggy_score": 4.915846869541429e-09,
        "logFC": -0.70830398754448,
        "majs_score": 9.831693739082858e-09
    },
    "INSR": {
        "Sign-1": [
            576,
            100,
            0
        ],
        "Sign0": [
            864,
            100,
            0
        ],
        "Sign1": [
            576,
            100,
            0
        ],
        "SignMaj": [
            "0"
        ],
        "iggy": "0",
        "iggy_score": 1.2424218586569052e-38,
        "logFC": 0.674046933536959,
        "majs_score": 0.0005162997780483085
    },
    "MAP2K1": {
        "Sign-1": [
            0,
            0,
            0
        ],
        "Sign0": [
            2016,
            100,
            0
        ],
        "Sign1": [
            0,
            0,
            0
        ],
        "SignMaj": [
            "0"
        ],
        "iggy": "0",
        "iggy_score": 3.6848491083304447e-118,
        "logFC": 1.17730231860555,
        "majs_score": 3.6848491083304447e-118
    },
    "MAPK3": {
        "Sign-1": [
            0,
            0,
            0
        ],
        "Sign0": [
            2016,
            100,
            0
        ],
        "Sign1": [
            0,
            0,
            0
        ],
        "SignMaj": [
            "0"
        ],
        "iggy": "0",
        "iggy_score": 0.0026233611634086562,
        "logFC": 0.179746435117018,
        "majs_score": 0.0026233611634086562
    },
    "MKNK2": {
        "Sign-1": [
            0,
            0,
            0
        ],
        "Sign0": [
            2016,
            100,
            0
        ],
        "Sign1": [
            0,
            0,
            0
        ],
        "SignMaj": [
            "0"
        ],
        "iggy": "0",
        "iggy_score": 3.812535498824617e-26,
        "logFC": 0.553836197742337,
        "majs_score": 3.812535498824617e-26
    },
    "MTOR": {
        "Sign-1": [
            0,
            0,
            0
        ],
        "Sign0": [
            2016,
            50,
            50
        ],
        "Sign1": [
            0,
            0,
            0
        ],
        "SignMaj": [
            "0"
        ],
        "iggy": "0",
        "iggy_score": 6.423618038456785e-05,
        "logFC": -0.228474100246257,
        "majs_score": 0.13088332772647016
    },
    "NFKB1": {
        "Sign-1": [
            504,
            44,
            16
        ],
        "Sign0": [
            756,
            100,
            0
        ],
        "Sign1": [
            756,
            44,
            16
        ],
        "SignMaj": [
            "+",
            "0"
        ],
        "iggy": "0",
        "iggy_score": 0.0017886183201571502,
        "logFC": -0.185399169119062,
        "majs_score": 0.039053592635898714
    },
    "PIK3CB": {
        "Sign-1": [
            0,
            0,
            0
        ],
        "Sign0": [
            2016,
            100,
            0
        ],
        "Sign1": [
            0,
            0,
            0
        ],
        "SignMaj": [
            "0"
        ],